{
  "IcoMoonType": "selection",
  "icons": [
    {
      "icon": {
        "paths": [
          "M298.667 725.333l426.667-426.667",
          "M298.667 298.667h426.667v426.667"
        ],
        "attrs": [
          {
            "fill": "none",
            "strokeLinejoin": "round",
            "strokeLinecap": "round",
            "strokeMiterlimit": "4",
            "strokeWidth": 85.33333333333333
          },
          {
            "fill": "none",
            "strokeLinejoin": "round",
            "strokeLinecap": "round",
            "strokeMiterlimit": "4",
            "strokeWidth": 85.33333333333333
          }
        ],
        "isMulticolor": false,
        "isMulticolor2": false,
        "grid": 0,
        "tags": [
          "arrow-up-right"
        ],
        "colorPermutations": {
          "25525525515551": [
            {
              "s": 0
            },
            {
              "s": 0
            }
          ]
        }
      },
      "attrs": [
        {
          "fill": "none",
          "strokeLinejoin": "round",
          "strokeLinecap": "round",
          "strokeMiterlimit": "4",
          "strokeWidth": 85.33333333333333
        },
        {
          "fill": "none",
          "strokeLinejoin": "round",
          "strokeLinecap": "round",
          "strokeMiterlimit": "4",
          "strokeWidth": 85.33333333333333
        }
      ],
      "properties": {
        "order": 34,
        "id": 15,
        "name": "arrow-up-right",
        "prevSize": 32
      },
      "setIdx": 0,
      "setId": 2,
      "iconIdx": 0
    },
    {
      "icon": {
        "paths": [
          "M896.095 367.964v-144.324c0.002-25.417-10.076-49.798-28.021-67.797-17.947-18-42.296-28.15-67.713-28.226l-144.323-0.432M896.095 656.034v144.034c0 25.468-10.116 49.891-28.124 67.899s-42.431 28.125-67.899 28.125h-144.034M367.966 127.185l-144.323 0.48c-25.417 0.076-49.766 10.227-67.713 28.226s-28.023 42.381-28.023 67.798v144.275M367.966 896.093h-144.034c-25.468 0-49.891-10.117-67.899-28.125s-28.125-42.431-28.125-67.899v-144.034"
        ],
        "attrs": [
          {
            "fill": "none",
            "strokeLinejoin": "round",
            "strokeLinecap": "round",
            "strokeMiterlimit": "4",
            "strokeWidth": 15.753846153846155
          }
        ],
        "isMulticolor": false,
        "isMulticolor2": false,
        "grid": 0,
        "tags": [
          "capture-frame"
        ],
        "colorPermutations": {}
      },
      "attrs": [
        {
          "fill": "none",
          "strokeLinejoin": "round",
          "strokeLinecap": "round",
          "strokeMiterlimit": "4",
          "strokeWidth": 15.753846153846155
        }
      ],
      "properties": {
        "order": 35,
        "id": 14,
        "name": "capture-frame",
        "prevSize": 32
      },
      "setIdx": 0,
      "setId": 2,
      "iconIdx": 1
    },
    {
      "icon": {
        "paths": [
          "M896.095 367.964v-144.324c0.002-25.417-10.076-49.798-28.021-67.797-17.947-18-42.296-28.15-67.713-28.226l-144.323-0.432M896.095 656.034v144.034c0 25.468-10.116 49.891-28.124 67.899s-42.431 28.125-67.899 28.125h-144.034M367.966 127.185l-144.323 0.48c-25.417 0.076-49.766 10.227-67.713 28.226s-28.023 42.381-28.023 67.798v144.275M367.966 896.093h-144.034c-25.468 0-49.891-10.117-67.899-28.125s-28.125-42.431-28.125-67.899v-144.034",
          "M512 598.646c19.692 0 36.434-6.889 50.223-20.669 13.78-13.789 20.669-30.531 20.669-50.223s-6.889-36.434-20.669-50.223c-13.789-13.78-30.531-20.669-50.223-20.669s-36.434 6.889-50.223 20.669c-13.78 13.789-20.669 30.531-20.669 50.223s6.889 36.434 20.669 50.223c13.789 13.78 30.531 20.669 50.223 20.669zM385.969 653.785c-8.665 0-16.080-3.083-22.244-9.248-6.176-6.176-9.263-13.596-9.263-22.26v-189.046c0-8.665 3.088-16.080 9.263-22.244 6.164-6.176 13.58-9.263 22.244-9.263h49.625l29.145-31.508h94.523l29.145 31.508h49.625c8.665 0 16.085 3.088 22.26 9.263 6.164 6.164 9.248 13.58 9.248 22.244v189.046c0 8.665-3.083 16.085-9.248 22.26-6.176 6.164-13.596 9.248-22.26 9.248h-252.062z"
        ],
        "attrs": [
          {
            "fill": "none",
            "strokeLinejoin": "round",
            "strokeLinecap": "round",
            "strokeMiterlimit": "4",
            "strokeWidth": 15.753846153846155
          },
          {
            "opacity": 0.3
          }
        ],
        "isMulticolor": false,
        "isMulticolor2": true,
        "grid": 0,
        "tags": [
          "capture-photo-camera"
        ],
        "colorPermutations": {}
      },
      "attrs": [
        {
          "fill": "none",
          "strokeLinejoin": "round",
          "strokeLinecap": "round",
          "strokeMiterlimit": "4",
          "strokeWidth": 15.753846153846155
        },
        {
          "opacity": 0.3
        }
      ],
      "properties": {
        "order": 36,
        "id": 13,
        "name": "capture-photo-camera",
        "prevSize": 32
      },
      "setIdx": 0,
      "setId": 2,
      "iconIdx": 2
    },
    {
      "icon": {
        "paths": [
          "M341.333 0h341.333c188.513 0 341.333 152.82 341.333 341.333v341.333c0 188.513-152.82 341.333-341.333 341.333h-341.333c-188.513 0-341.333-152.82-341.333-341.333v-341.333c0-188.513 152.82-341.333 341.333-341.333z",
          "M284.444 568.889l170.667 113.778 312.889-341.333"
        ],
        "attrs": [
          {},
          {
            "fill": "none",
            "stroke": "rgb(255, 255, 255)",
            "strokeLinejoin": "miter",
            "strokeLinecap": "butt",
            "strokeMiterlimit": "4",
            "strokeWidth": 114.35292444444444
          }
        ],
        "isMulticolor": false,
        "isMulticolor2": true,
        "grid": 0,
        "tags": [
          "checkbox-active"
        ],
        "colorPermutations": {
          "25525525515551": [
            {},
            {
              "s": 1
            }
          ]
        }
      },
      "attrs": [
        {},
        {
          "fill": "none",
          "stroke": "rgb(255, 255, 255)",
          "strokeLinejoin": "miter",
          "strokeLinecap": "butt",
          "strokeMiterlimit": "4",
          "strokeWidth": 114.35292444444444
        }
      ],
      "properties": {
        "order": 37,
        "id": 12,
        "name": "checkbox-active",
        "prevSize": 32
      },
      "setIdx": 0,
      "setId": 2,
      "iconIdx": 3
    },
    {
      "icon": {
        "paths": [
          "M358.4 51.2h307.2c169.662 0 307.2 137.538 307.2 307.2v307.2c0 169.662-137.538 307.2-307.2 307.2h-307.2c-169.662 0-307.2-137.538-307.2-307.2v-307.2c0-169.662 137.538-307.2 307.2-307.2z"
        ],
        "attrs": [
          {
            "fill": "none",
            "strokeLinejoin": "miter",
            "strokeLinecap": "butt",
            "strokeMiterlimit": "4",
            "strokeWidth": 66.56
          }
        ],
        "isMulticolor": false,
        "isMulticolor2": false,
        "grid": 0,
        "tags": [
          "checkbox-default"
        ],
        "colorPermutations": {
          "25525525515551": [
            {
              "s": 0
            }
          ]
        }
      },
      "attrs": [
        {
          "fill": "none",
          "strokeLinejoin": "miter",
          "strokeLinecap": "butt",
          "strokeMiterlimit": "4",
          "strokeWidth": 66.56
        }
      ],
      "properties": {
        "order": 38,
        "id": 11,
        "name": "checkbox-default",
        "prevSize": 32
      },
      "setIdx": 0,
      "setId": 2,
      "iconIdx": 4
    },
    {
      "icon": {
        "paths": [
          "M256 384l256 256 256-256"
        ],
        "attrs": [
          {
            "fill": "none",
            "strokeLinejoin": "round",
            "strokeLinecap": "round",
            "strokeMiterlimit": "4",
            "strokeWidth": 102.39999999999999
          }
        ],
        "isMulticolor": false,
        "isMulticolor2": false,
        "grid": 0,
        "tags": [
          "chevron-down"
        ],
        "colorPermutations": {
          "25525525515551": [
            {
              "s": 0
            }
          ]
        }
      },
      "attrs": [
        {
          "fill": "none",
          "strokeLinejoin": "round",
          "strokeLinecap": "round",
          "strokeMiterlimit": "4",
          "strokeWidth": 102.39999999999999
        }
      ],
      "properties": {
        "order": 39,
        "id": 10,
        "name": "chevron-down",
        "prevSize": 32
      },
      "setIdx": 0,
      "setId": 2,
      "iconIdx": 5
    },
    {
      "icon": {
        "paths": [
          "M768 256l-512 512",
          "M256 256l512 512"
        ],
        "attrs": [
          {
            "fill": "none",
            "strokeLinejoin": "round",
            "strokeLinecap": "round",
            "strokeMiterlimit": "4",
            "strokeWidth": 85.33333333333333
          },
          {
            "fill": "none",
            "strokeLinejoin": "round",
            "strokeLinecap": "round",
            "strokeMiterlimit": "4",
            "strokeWidth": 85.33333333333333
          }
        ],
        "isMulticolor": false,
        "isMulticolor2": false,
        "grid": 0,
        "tags": [
          "close-btn"
        ],
        "colorPermutations": {
          "25525525515551": [
            {
              "s": 0
            },
            {
              "s": 0
            }
          ]
        }
      },
      "attrs": [
        {
          "fill": "none",
          "strokeLinejoin": "round",
          "strokeLinecap": "round",
          "strokeMiterlimit": "4",
          "strokeWidth": 85.33333333333333
        },
        {
          "fill": "none",
          "strokeLinejoin": "round",
          "strokeLinecap": "round",
          "strokeMiterlimit": "4",
          "strokeWidth": 85.33333333333333
        }
      ],
      "properties": {
        "order": 40,
        "id": 9,
        "name": "close-btn",
        "prevSize": 32
      },
      "setIdx": 0,
      "setId": 2,
      "iconIdx": 6
    },
    {
      "icon": {
        "paths": [
          "M42.65 512.010c0 0 170.667-341.335 469.334-341.335 298.666 0 469.331 341.335 469.331 341.335s-170.665 341.33-469.331 341.33c-298.667 0-469.334-341.33-469.334-341.33z",
          "M512 640c70.692 0 128-57.308 128-128s-57.308-128-128-128c-70.692 0-128 57.308-128 128s57.308 128 128 128z"
        ],
        "attrs": [
          {
            "fill": "none",
            "strokeLinejoin": "round",
            "strokeLinecap": "round",
            "strokeMiterlimit": "4",
            "strokeWidth": 92.16000000000001
          },
          {
            "fill": "none",
            "strokeLinejoin": "round",
            "strokeLinecap": "round",
            "strokeMiterlimit": "4",
            "strokeWidth": 92.16000000000001
          }
        ],
        "isMulticolor": false,
        "isMulticolor2": false,
        "grid": 0,
        "tags": [
          "eye"
        ],
        "colorPermutations": {
          "25525525515551": [
            {
              "s": 0
            },
            {
              "s": 0
            }
          ]
        }
      },
      "attrs": [
        {
          "fill": "none",
          "strokeLinejoin": "round",
          "strokeLinecap": "round",
          "strokeMiterlimit": "4",
          "strokeWidth": 92.16000000000001
        },
        {
          "fill": "none",
          "strokeLinejoin": "round",
          "strokeLinecap": "round",
          "strokeMiterlimit": "4",
          "strokeWidth": 92.16000000000001
        }
      ],
      "properties": {
        "order": 41,
        "id": 8,
        "name": "eye",
        "prevSize": 32
      },
      "setIdx": 0,
      "setId": 2,
      "iconIdx": 7
    },
    {
      "icon": {
        "paths": [
          "M765.425 765.45c-72.934 55.593-161.746 86.395-253.441 87.89-298.667 0-469.334-341.33-469.334-341.33 53.072-98.907 126.683-185.319 215.893-253.441M422.384 180.916c29.369-6.875 59.437-10.311 89.6-10.24 298.666 0 469.331 341.334 469.331 341.334-25.897 48.451-56.786 94.070-92.16 136.105M602.435 602.46c-11.715 12.58-25.846 22.666-41.549 29.66-15.703 6.999-32.65 10.757-49.837 11.064-17.187 0.302-34.258-2.862-50.196-9.298s-30.417-16.020-42.571-28.175c-12.155-12.155-21.737-26.634-28.174-42.573s-9.599-33.009-9.296-50.196c0.304-17.185 4.065-34.134 11.061-49.835s17.083-29.833 29.659-41.551",
          "M42.65 42.675l938.665 938.665"
        ],
        "attrs": [
          {
            "fill": "none",
            "strokeLinejoin": "round",
            "strokeLinecap": "round",
            "strokeMiterlimit": "4",
            "strokeWidth": 92.16000000000001
          },
          {
            "fill": "none",
            "strokeLinejoin": "round",
            "strokeLinecap": "round",
            "strokeMiterlimit": "4",
            "strokeWidth": 92.16000000000001
          }
        ],
        "isMulticolor": false,
        "isMulticolor2": false,
        "grid": 0,
        "tags": [
          "eye-off"
        ],
        "colorPermutations": {
          "25525525515551": [
            {
              "s": 0
            },
            {
              "s": 0
            }
          ]
        }
      },
      "attrs": [
        {
          "fill": "none",
          "strokeLinejoin": "round",
          "strokeLinecap": "round",
          "strokeMiterlimit": "4",
          "strokeWidth": 92.16000000000001
        },
        {
          "fill": "none",
          "strokeLinejoin": "round",
          "strokeLinecap": "round",
          "strokeMiterlimit": "4",
          "strokeWidth": 92.16000000000001
        }
      ],
      "properties": {
        "order": 42,
        "id": 7,
        "name": "eye-off",
        "prevSize": 32
      },
      "setIdx": 0,
      "setId": 2,
      "iconIdx": 8
    },
    {
      "icon": {
        "paths": [
          "M624.64 148.485c7.68 0 15.36 0 30.72 0v115.2c-7.68 0-23.040 0-38.4 0s-30.72 0-38.4 7.68c-7.68 7.68-7.68 15.36-7.68 33.28 0 15.36 0 25.6 0 40.96h84.48v97.28h-84.48v422.4h-130.559v-424.96h-69.121v-97.28h69.121v-33.28c0-56.32 7.679-97.28 23.039-115.2 23.040-33.28 69.12-48.64 138.24-48.64 7.68 2.56 15.36 2.56 23.040 2.56z"
        ],
        "attrs": [
          {}
        ],
        "isMulticolor": false,
        "isMulticolor2": false,
        "grid": 0,
        "tags": [
          "facebook"
        ],
        "colorPermutations": {
          "25525525515551": [
            {}
          ]
        }
      },
      "attrs": [
        {}
      ],
      "properties": {
        "order": 43,
        "id": 6,
        "name": "facebook",
        "prevSize": 32
      },
      "setIdx": 0,
      "setId": 2,
      "iconIdx": 9
    },
    {
      "icon": {
        "paths": [
          "M889.151 196.688c-21.794-21.802-47.667-39.097-76.146-50.897s-58.999-17.873-89.828-17.873c-30.828 0-61.349 6.073-89.828 17.873s-54.352 29.095-76.146 50.897l-45.227 45.227-45.227-45.227c-44.019-44.018-103.722-68.748-165.973-68.748s-121.954 24.73-165.973 68.748c-44.019 44.019-68.749 103.722-68.749 165.973s24.73 121.955 68.749 165.973l377.173 377.173 377.173-377.173c21.8-21.792 39.1-47.667 50.898-76.145s17.874-59.002 17.874-89.829c0-30.826-6.076-61.35-17.874-89.828s-29.099-54.353-50.898-76.145z"
        ],
        "attrs": [
          {
            "fill": "none",
            "strokeLinejoin": "round",
            "strokeLinecap": "round",
            "strokeMiterlimit": "4",
            "strokeWidth": 85.33333333333333
          }
        ],
        "isMulticolor": false,
        "isMulticolor2": false,
        "grid": 0,
        "tags": [
          "heart"
        ],
        "colorPermutations": {
          "25525525515551": [
            {
              "s": 0
            }
          ]
        }
      },
      "attrs": [
        {
          "fill": "none",
          "strokeLinejoin": "round",
          "strokeLinecap": "round",
          "strokeMiterlimit": "4",
          "strokeWidth": 85.33333333333333
        }
      ],
      "properties": {
        "order": 44,
        "id": 5,
        "name": "heart",
        "prevSize": 32
      },
      "setIdx": 0,
      "setId": 2,
      "iconIdx": 10
    },
    {
      "icon": {
        "paths": [
          "M918.963 344.191c-0.502-34.38-6.871-68.487-19.062-100.64-21.335-54.907-64.778-98.324-119.777-119.579-31.8-11.944-65.418-18.348-99.446-19.074-43.761-1.953-57.636-2.498-168.724-2.498s-125.327 0-168.771 2.498c-33.982 0.727-67.599 7.13-99.398 19.074-54.999 21.255-98.488 64.671-119.778 119.579-11.964 31.745-18.424 65.307-19.060 99.232-1.956 43.735-2.548 57.587-2.548 168.49s0 125.076 2.548 168.488c0.682 33.971 7.096 67.487 19.060 99.323 21.336 54.866 64.779 98.278 119.823 119.537 31.662 12.349 65.279 19.343 99.398 20.434 43.808 1.956 57.682 2.545 168.771 2.545s125.327 0 168.771-2.545c33.981-0.681 67.599-7.081 99.446-19.026 54.994-21.299 98.442-64.717 119.777-119.578 11.96-31.795 18.376-65.311 19.057-99.323 1.956-43.694 2.55-57.544 2.55-168.494-0.092-110.903-0.092-124.982-2.637-168.444zM511.682 721.004c-116.184 0-210.305-93.967-210.305-209.957s94.121-209.954 210.305-209.954c116.092 0 210.305 93.964 210.305 209.954s-94.213 209.957-210.305 209.957zM730.358 342.283c-27.162 0-49.039-21.89-49.039-48.957s21.878-48.958 49.039-48.958c27.064 0 48.993 21.891 48.993 48.958s-21.929 48.957-48.993 48.957z",
          "M511.728 639.232c70.764 0 128.129-57.364 128.129-128.129 0-70.763-57.364-128.128-128.129-128.128s-128.128 57.365-128.128 128.128c0 70.765 57.364 128.129 128.128 128.129z"
        ],
        "attrs": [
          {},
          {}
        ],
        "isMulticolor": false,
        "isMulticolor2": false,
        "grid": 0,
        "tags": [
          "instagram"
        ],
        "colorPermutations": {
          "25525525515551": [
            {},
            {}
          ]
        }
      },
      "attrs": [
        {},
        {}
      ],
      "properties": {
        "order": 45,
        "id": 4,
        "name": "instagram",
        "prevSize": 32
      },
      "setIdx": 0,
      "setId": 2,
      "iconIdx": 11
    },
    {
      "icon": {
        "paths": [
          "M896 426.668h-768",
          "M896 256h-768",
          "M896 597.332h-768",
          "M896 768h-768"
        ],
        "attrs": [
          {
            "fill": "none",
            "strokeLinejoin": "round",
            "strokeLinecap": "round",
            "strokeMiterlimit": "4",
            "strokeWidth": 73.14285714285714
          },
          {
            "fill": "none",
            "strokeLinejoin": "round",
            "strokeLinecap": "round",
            "strokeMiterlimit": "4",
            "strokeWidth": 73.14285714285714
          },
          {
            "fill": "none",
            "strokeLinejoin": "round",
            "strokeLinecap": "round",
            "strokeMiterlimit": "4",
            "strokeWidth": 73.14285714285714
          },
          {
            "fill": "none",
            "strokeLinejoin": "round",
            "strokeLinecap": "round",
            "strokeMiterlimit": "4",
            "strokeWidth": 73.14285714285714
          }
        ],
        "isMulticolor": false,
        "isMulticolor2": false,
        "grid": 0,
        "tags": [
          "mobile-menu"
        ],
        "colorPermutations": {}
      },
      "attrs": [
        {
          "fill": "none",
          "strokeLinejoin": "round",
          "strokeLinecap": "round",
          "strokeMiterlimit": "4",
          "strokeWidth": 73.14285714285714
        },
        {
          "fill": "none",
          "strokeLinejoin": "round",
          "strokeLinecap": "round",
          "strokeMiterlimit": "4",
          "strokeWidth": 73.14285714285714
        },
        {
          "fill": "none",
          "strokeLinejoin": "round",
          "strokeLinecap": "round",
          "strokeMiterlimit": "4",
          "strokeWidth": 73.14285714285714
        },
        {
          "fill": "none",
          "strokeLinejoin": "round",
          "strokeLinecap": "round",
          "strokeMiterlimit": "4",
          "strokeWidth": 73.14285714285714
        }
      ],
      "properties": {
        "order": 46,
        "id": 3,
        "name": "mobile-menu",
        "prevSize": 32
      },
      "setIdx": 0,
      "setId": 2,
      "iconIdx": 12
    },
    {
      "icon": {
        "paths": [
          "M512 737.28c51.2 0 94.728-17.912 130.58-53.74 35.828-35.852 53.74-79.38 53.74-130.58s-17.912-94.728-53.74-130.58c-35.852-35.826-79.38-53.74-130.58-53.74s-94.728 17.913-130.58 53.74c-35.826 35.852-53.74 79.38-53.74 130.58s17.913 94.728 53.74 130.58c35.852 35.828 79.38 53.74 130.58 53.74zM184.32 880.64c-22.528 0-41.807-8.016-57.836-24.044-16.056-16.056-24.084-35.348-24.084-57.876v-491.52c0-22.528 8.028-41.807 24.084-57.836 16.029-16.056 35.308-24.084 57.836-24.084h129.024l75.776-81.92h245.76l75.776 81.92h129.024c22.528 0 41.82 8.028 57.876 24.084 16.028 16.029 24.044 35.308 24.044 57.836v491.52c0 22.528-8.016 41.82-24.044 57.876-16.056 16.028-35.348 24.044-57.876 24.044h-655.36z"
        ],
        "attrs": [],
        "isMulticolor": false,
        "isMulticolor2": false,
        "grid": 0,
        "tags": [
          "photo-camera"
        ],
        "colorPermutations": {}
      },
      "attrs": [],
      "properties": {
        "order": 47,
        "id": 2,
        "name": "photo-camera",
        "prevSize": 32
      },
      "setIdx": 0,
      "setId": 2,
      "iconIdx": 13
    },
    {
      "icon": {
        "paths": [
          "M384 128h256",
          "M128 256h768M810.667 256l-29.924 448.825c-4.489 67.339-6.73 101.006-21.276 126.538-12.806 22.471-32.119 40.545-55.398 51.826-26.436 12.811-60.183 12.811-127.67 12.811h-128.797c-67.488 0-101.232 0-127.672-12.811-23.278-11.281-42.592-29.355-55.396-51.826-14.544-25.532-16.788-59.199-21.278-126.538l-29.921-448.825"
        ],
        "attrs": [
          {
            "fill": "none",
            "strokeLinejoin": "round",
            "strokeLinecap": "round",
            "strokeMiterlimit": "4",
            "strokeWidth": 85.33333333333333
          },
          {
            "fill": "none",
            "strokeLinejoin": "round",
            "strokeLinecap": "round",
            "strokeMiterlimit": "4",
            "strokeWidth": 85.33333333333333
          }
        ],
        "isMulticolor": false,
        "isMulticolor2": false,
        "grid": 0,
        "tags": [
          "trash"
        ],
        "colorPermutations": {
          "25525525515551": [
            {
              "s": 0
            },
            {
              "s": 0
            }
          ]
        }
      },
      "attrs": [
        {
          "fill": "none",
          "strokeLinejoin": "round",
          "strokeLinecap": "round",
          "strokeMiterlimit": "4",
          "strokeWidth": 85.33333333333333
        },
        {
          "fill": "none",
          "strokeLinejoin": "round",
          "strokeLinecap": "round",
          "strokeMiterlimit": "4",
          "strokeWidth": 85.33333333333333
        }
      ],
      "properties": {
        "order": 48,
        "id": 1,
        "name": "trash",
        "prevSize": 32
      },
      "setIdx": 0,
      "setId": 2,
      "iconIdx": 14
    },
    {
      "icon": {
        "paths": [
          "M963.584 299.398c0 0-9.216-66.56-36.864-95.086-33.792-38.034-73.728-38.034-92.16-41.204-129.024-9.508-322.56-9.508-322.56-9.508s-193.536 0-322.56 9.508c-18.432 3.17-58.368 3.17-92.16 41.204-27.648 28.526-36.864 95.086-36.864 95.086s-9.216 76.068-9.216 152.137v69.732c0 76.068 9.216 155.305 9.216 155.305s9.216 66.56 36.864 95.084c33.792 38.036 79.872 38.036 101.376 41.206 73.728 3.169 313.344 6.339 313.344 6.339s193.536 0 322.56-9.508c18.432-3.169 58.368-3.169 92.16-41.206 27.648-28.524 36.864-95.084 36.864-95.084s9.216-76.068 9.216-152.136v-69.732c0-76.069-9.216-152.137-9.216-152.137zM416.768 610.012v-266.241l248.832 133.12-248.832 133.121z"
        ],
        "attrs": [
          {}
        ],
        "isMulticolor": false,
        "isMulticolor2": false,
        "grid": 0,
        "tags": [
          "youtube"
        ],
        "colorPermutations": {
          "25525525515551": [
            {}
          ]
        }
      },
      "attrs": [
        {}
      ],
      "properties": {
        "order": 49,
        "id": 0,
        "name": "youtube",
        "prevSize": 32
      },
      "setIdx": 0,
      "setId": 2,
      "iconIdx": 15
    }
  ],
  "height": 1024,
  "preferences": {
    "showGlyphs": true,
    "showQuickUse": true,
    "showQuickUse2": true,
    "showSVGs": true,
    "fontPref": {
      "prefix": "icon-",
      "metadata": {
        "fontFamily": "icomoon"
      },
      "metrics": {
        "emSize": 1024,
        "baseline": 6.25,
        "whitespace": 50
      },
      "embed": false
    },
    "imagePref": {
      "prefix": "icon-",
      "png": false,
      "useClassSelector": true,
      "color": 0,
      "bgColor": 16777215,
      "classSelector": ".icon",
      "name": "icomoon",
      "height": 32,
      "columns": 16,
      "margin": 16
    },
    "historySize": 50,
    "showCodes": true,
    "gridSize": 16
  }
}